latitude,longitude,depth,magnitude,earthquake
13.514949783883374,64.99745517245297,95.16293900456625,3.7,0
36.143694156790595,73.66183993794321,94.31609900705948,2.1,0
35.952939089854596,97.11330008911057,3.1833043070335734,7.2,1
29.10199183405006,73.8605136961732,58.82555608385731,3.9,0
24.08655856410865,82.00789604861458,55.87182923477389,7.2,1
13.68430409715214,94.19507777254363,277.51506186216676,4.9,0
18.19588240157237,66.90562120818944,12.509495831607008,6.7,1
17.94373638589646,75.00901814009843,258.5889601062838,7.8,1
23.6785650331472,79.42784972635218,139.75571552616861,6.8,1
35.00475513510732,62.71770944364158,1.1779075678460558,4.0,0
39.25221799406539,98.2946064843947,68.8797894504469,6.2,1
35.669690808819944,60.19999599106593,62.93886190498396,5.0,0
24.589119746625187,62.22066761421057,151.64685531950767,5.6,1
11.848125539571917,64.12079692366002,55.01351049550067,3.8,0
28.730502529965925,81.38243413729316,55.06883466215533,3.0,0
15.274793431621912,97.73039305957181,111.3971759126974,3.6,0
18.282896243634212,88.29939843738369,129.11284645295459,3.8,0
25.635072108075462,97.27342830505788,271.8122992298897,2.4,0
12.073701985514436,72.33268414599912,3.5030590616005757,7.8,1
34.53406266599842,66.51486068395546,146.88487258583052,4.6,0
37.29385320255141,80.40450019836965,37.794362777208214,7.2,1
35.19624275069446,70.23282545663386,26.020085462493913,6.8,1
13.915938071177495,82.61571099258198,56.74675353177334,2.6,0
29.199680130109737,88.33094974009651,219.45823722599445,7.2,1
10.841916038720345,90.87070925893508,154.36371444040321,3.3,0
22.27968739022412,67.92199834575328,61.55509106584798,7.5,1
37.801333804215936,80.12225222820481,75.74420220505048,2.0,0
35.556704983049066,66.50315322819075,86.63903536743302,6.4,1
16.908101027439404,84.17757776153525,200.18157366103253,6.3,1
21.463873288595654,90.96357632478714,106.59191469866921,2.5,0
30.003670699053096,74.81923065312998,104.88382333889612,5.6,1
36.29426044799111,72.34898348545738,267.9560485212196,7.8,1
24.97742987900029,65.21369328304769,57.482137570707636,3.5,0
30.815050778574946,82.7620724445371,201.99707624364427,6.4,1
14.977752506978048,89.96184847563688,235.15486684370998,3.0,0
24.536855081315544,67.03947479633948,150.00204271163858,3.6,0
36.11497814321128,65.72418512028887,176.9137453282503,2.7,0
25.911621348277173,75.93816532366036,294.99876440417654,5.8,1
14.799807927596326,95.48908149529007,220.40162747589915,2.9,0
12.998342101220894,61.608302234470536,103.94382930262698,5.0,0
21.80519702561926,98.03355104523789,254.99675491551903,6.9,1
36.72502312450956,96.56525910819667,185.84074871525377,3.8,0
35.26688496784058,82.29484954935779,299.96246001666276,3.8,0
15.66392184277234,79.705787560048,79.75320008366187,5.2,1
26.31046531083305,70.55558351757438,205.4977011185197,6.4,1
35.99588887465745,62.62670866052086,125.03298614052913,7.8,1
22.165208144374127,86.58524173351303,290.40154635157404,3.5,0
17.173109971262388,82.10788658786528,127.02778070679938,5.0,0
18.15284315779383,77.59443423525727,286.5391188676454,7.8,1
24.852735237235514,79.29129913543787,6.941658023174116,3.9,0
30.831506059908953,64.78403813416624,216.22339825218523,2.4,0
18.314841735319117,98.10514057984497,222.50797048906006,3.9,0
15.639526439906891,83.95965872090896,185.9986066204897,5.8,1
16.393524972813665,66.05811845712896,142.11226415521614,4.7,0
36.45519308780933,96.32874423089856,287.66844147643144,2.7,0
25.229858071333346,79.69803595540759,54.376655405874786,7.9,1
15.965832229872449,63.05294603430768,107.19795263812432,2.1,0
36.21447451946511,63.363344750803456,171.79584691083235,6.2,1
26.29923702139863,66.02582601437531,266.0938882225986,3.6,0
29.47125231914636,77.56655597857733,217.07765310983223,2.8,0
35.605253800332974,91.95069266516552,164.26551923235485,6.2,1
34.171193911005005,88.3758745400202,219.82383794492378,5.2,1
11.440169345253352,63.6217560140675,280.87377612053575,6.9,1
32.65686785959912,97.94860602000428,167.73531224828378,5.3,1
10.66741044976413,99.88369061950866,39.24219348199315,3.0,0
37.708491055908794,61.002647975554744,94.50812191272873,3.3,0
32.6633286665034,78.35293316263254,157.38758899873605,7.3,1
13.175121539051803,66.10814328610985,145.14660527443854,5.8,1
37.663213446760295,80.43642879854806,244.51057193742636,4.4,0
18.17865404142251,81.71243188734783,28.78941547065592,6.0,1
22.67068238427168,98.0560008289755,5.578569448363975,5.9,1
33.36862368133517,72.49325927901789,38.176893066447676,6.3,1
35.88114414936387,93.63379600419411,106.07627185834312,2.7,0
29.412743369364055,86.44996006118055,41.05476387766364,6.9,1
10.894290839618098,64.27088858937952,262.249288153278,4.3,0
10.489941813448798,79.05256679466541,5.277065766362675,2.0,0
30.689820268159842,81.23267490716559,25.24459486703065,6.4,1
26.34352614918443,63.73645994514506,54.78441157870757,4.8,0
39.93324312822483,76.87926649498311,252.67349699012587,5.2,1
34.82799465584465,83.92195826121745,226.93606920833457,2.1,0
21.95782655744008,77.91318152415143,128.26300504743907,2.1,0
25.317126830743952,85.08245330623588,136.04076151735123,4.7,0
12.221632580488329,82.40535119819324,80.66473078901382,6.4,1
16.92844593796744,84.80002600952923,177.03799796108933,2.5,0
30.019193609068857,72.81756853446937,15.426987893955575,7.3,1
26.2459533825794,79.84611553077144,169.01764683234373,7.1,1
13.795265431053195,89.2789743413907,213.66049414506236,3.6,0
11.656185309347432,65.81525032608575,264.15803095525376,4.4,0
30.67332024872927,75.96908383765165,30.94891504390397,4.1,0
18.027286438019246,72.63061765327055,20.828072040963267,5.5,1
36.9091755249942,80.8524437495097,90.07012057859832,7.2,1
30.179178566410545,72.29487392169807,129.62271428067007,2.9,0
31.54312809803605,98.89947962940597,267.05022135039457,6.1,1
37.386947407799354,69.74189150199261,98.52357743070581,2.5,0
35.7655637150167,92.01646316355045,192.21559604918775,6.0,1
37.180745828219,93.8684088238465,180.33699670280117,4.1,0
12.896706970293584,85.09375666222667,41.311730409245385,2.9,0
18.029199014395086,65.4529545875652,196.63422515020815,2.7,0
11.348503611678604,90.6066509882149,241.18879654295537,5.8,1
19.013019238253293,72.80779757306496,33.31822498939966,6.1,1
34.038862623269594,88.90554695427335,190.47311113943738,2.7,0
14.635803415702554,74.63116104663547,257.6186932914358,6.2,1
23.80971926986797,83.66424069779183,132.47762395306387,2.3,0
10.344533731735586,98.9721095192854,205.50969857716038,4.3,0
22.574405406687344,63.99440314626789,188.29770756135184,6.9,1
11.31772202343188,76.4306864270655,27.11831700695786,3.3,0
37.57375423839595,86.83912224692537,255.49800504105778,6.1,1
29.40614481984908,64.9237631523594,157.59813549979998,5.1,1
30.460772612449937,60.925474470994025,90.73689690832799,6.8,1
39.03645245854767,76.63652982825786,93.97175987953902,6.5,1
15.305960441643649,72.5358104609187,174.93484426262754,2.3,0
13.80245891152189,86.7516045911172,76.48864419199569,2.1,0
10.761950662386022,84.31120777560858,139.33896950559125,5.1,1
20.818231360264285,79.02228110409531,59.755023482714186,5.4,1
13.212981635448429,74.91740724136409,64.63238259106053,3.5,0
33.24705139691585,94.55589716544944,247.66105324591325,2.5,0
34.8787633626213,68.25298147635212,83.18163958216233,2.2,0
36.51405237010857,89.13120301253413,190.23945966150916,7.1,1
10.298820732512139,60.935735771004225,262.2762919062391,5.2,1
29.186663324761817,82.30249406545587,41.91714864844488,2.1,0
37.63714975668418,88.15255301022378,142.55950157765625,4.8,0
11.516574268306451,79.89845406009685,76.46260329554794,7.1,1
13.307821565725773,64.7404268691772,283.38685464747806,5.0,0
12.346010289082532,69.00398895293704,163.00939494135974,7.6,1
32.43834564209149,63.201426110028834,142.96179607351516,6.5,1
10.693387542930934,60.45763703331584,183.8815853016451,2.1,0
23.23289431519875,68.32996028632262,294.7968882393177,2.4,0
37.43511848333797,80.06665473288771,165.0070631976341,5.4,1
15.77115999962183,65.3992337774614,125.47103801153212,5.0,0
23.20830020188158,81.8313734076832,208.89477666151492,6.1,1
26.837391082814886,73.52264893302848,173.74469441091892,5.9,1
18.99403408613535,68.91361908440803,12.719141446215028,7.4,1
14.48190894200117,87.08994456015367,137.60736401980083,5.1,1
21.694130634570918,73.70278713432661,104.96465676391844,2.6,0
32.9536690506219,95.68767920411847,20.959842257153312,6.4,1
18.283519929149996,99.35962911874518,140.48394087885725,6.5,1
28.841777314171242,82.1183309373709,281.5192651991916,3.5,0
19.76130418565914,63.65595680924096,10.771732983490937,3.4,0
28.760329328005863,82.85023438399713,53.18793427956414,4.1,0
22.63433573193234,94.55709508388622,91.57195773793896,4.6,0
18.490341253909506,87.38843023849773,61.27565995581005,4.2,0
16.077076446932956,95.60248538051573,215.2781089010526,4.9,0
38.39965593927381,98.38174695431665,28.7338675880775,4.7,0
37.29286209457374,73.44821262461005,200.40564575343055,6.6,1
19.775123625204003,96.26277988519614,16.076784159851364,3.2,0
17.91712535654272,74.7372589099034,194.23814232991478,4.9,0
22.537738294283322,97.58134752187567,4.038259068506133,2.2,0
11.707862403343377,90.44749466498723,226.692832936638,3.7,0
22.488785110626853,73.63989130856882,80.11765652869293,7.2,1
13.194335319171204,71.81604040703934,139.46773479941615,6.5,1
14.393131026702127,85.39899927943922,69.56437544579477,6.6,1
12.085662242470068,88.75855062654686,146.87740828830448,4.6,0
14.331485307419603,64.35841437129145,237.76638416541937,6.5,1
10.167178253853516,62.43038381582315,252.82624336565544,2.4,0
27.97576292432882,66.5522447548382,35.2572905987809,3.8,0
39.52870502750889,86.06819369590765,83.308160157178,6.9,1
15.883483045168,66.29236329590785,274.26081753475194,7.3,1
39.49622094826141,71.77970398817382,182.45979305311064,3.5,0
24.24864245694404,68.55599580500808,212.5258630684548,8.0,1
13.139811513142895,70.13785430748818,195.82689260242714,2.2,0
18.48817789385628,94.67664612703675,173.57674657783954,3.6,0
24.03937119634158,92.315709321825,43.686643442477006,2.3,0
25.56025064623053,79.78988677349943,84.95420033508131,3.4,0
24.09109963416983,90.73282529369052,60.03975466023453,4.3,0
17.940356844116266,85.10686206405765,151.92773639763612,6.7,1
36.315621264261246,67.31937476565743,265.9736260721208,3.4,0
33.72097710008182,99.37750317777719,203.37704690001996,3.1,0
38.44721711796068,88.85418862943067,124.7636291314233,6.1,1
33.829810438174164,98.38019174245443,179.09993265061425,3.3,0
27.697304058068973,60.10118399258693,149.42792680899052,2.2,0
32.85194695702056,83.7976733948048,262.94678330188793,3.9,0
15.450788037846387,92.49011963153004,181.96157860053208,4.0,0
30.981837167682325,85.02281852263529,53.82607526325524,3.7,0
28.856873691746078,65.34122916622881,85.69004527715431,7.6,1
26.342799084653482,62.439633902042026,152.6334925207555,3.7,0
31.808668293916107,66.97543481697292,64.11349970871382,3.9,0
35.33555145399197,69.72556345417996,177.52293994833082,4.9,0
37.94667689989299,94.75720588578051,64.74247462098852,7.1,1
23.12466412255049,80.0042225672664,50.64267452008414,5.2,1
11.351974543781708,74.16361414880907,148.2841736433695,7.6,1
25.304249147021068,98.15305402173362,18.63571221996638,5.3,1
23.216083154982453,67.08742511987107,284.7785739076974,7.0,1
36.04194287981246,97.8865347977348,256.83963012177736,2.7,0
35.87571664374812,83.15485827746662,98.05060881004972,3.7,0
25.27034234761414,67.6852549554933,125.64802321386475,8.0,1
38.711669313031905,71.55426183766747,114.99603220486357,5.9,1
38.53558597663245,85.73767369277505,10.284999519214514,5.2,1
29.526740032938534,69.34213741785463,217.58814366618824,5.0,0
11.766860294335485,91.02502764385213,222.71969435646872,5.1,1
37.78955001448381,78.95842051996809,290.24462485326455,4.1,0
29.615292644545626,65.36520284295675,274.9764365003372,5.0,0
17.046392878171893,79.19069032551614,161.6608066573521,3.1,0
26.622988676701237,75.96297196737413,110.94959714496626,6.4,1
39.12975255550002,87.60918729252026,92.1010582319224,3.1,0
28.18458431514264,99.47675214007124,228.19266536304357,2.7,0
21.699972465196062,60.38665678857309,118.36141249180586,4.4,0
35.85294672157859,91.01213934906824,76.98610411058607,6.2,1
39.74506646213255,95.97198992446954,70.67384292339015,7.4,1
25.68823095325115,89.06141563060666,96.32767199528253,2.2,0
18.108345039955584,85.71635249959124,18.90810769691446,3.7,0
30.91608085183682,85.34252169581026,49.66160549859132,4.6,0
34.344347206449726,90.96249612931311,239.40168129934753,5.4,1
37.971141630250116,89.50937522410723,44.16213052298977,5.6,1
21.367445283710403,93.5742902915641,26.95378006716929,2.9,0
15.4467791552239,91.15817606427836,29.512014750332273,7.9,1
19.505528797808488,64.4946729429531,281.70248751343684,4.1,0
15.168026295338581,68.9299153594258,51.72489284766447,6.4,1
18.483980183209574,75.52292462709016,291.6039302048944,7.8,1
34.50486868805498,81.16677537178799,160.90392056006442,3.0,0
29.92006724008282,63.06361029116925,271.1358384798852,6.6,1
10.3686872755725,99.6015110277761,150.3577747120274,5.7,1
39.29094426404314,63.31830185124463,169.2535726265288,7.4,1
30.66347462329871,80.4440136371611,54.35105852524473,6.6,1
25.97262396238025,70.31430969738403,103.11428608407091,3.8,0
34.93475232520105,65.8309330260993,81.51506509672065,2.1,0
21.272188103887956,98.88285963283647,275.38292941881406,4.3,0
38.04601975514053,97.25704665009582,298.00061177138997,3.1,0
37.40546259267446,62.2686996040967,74.46153939015727,2.9,0
27.446487784793895,87.88265850152678,148.24586123975592,7.8,1
19.251363775576458,81.69230054729927,191.62934194755488,3.4,0
16.25823530996486,61.00820128393397,130.52546614807696,7.7,1
22.54857048591868,94.0510430298418,114.4230279546993,2.3,0
34.6175646169671,70.03488807159545,90.72815870174604,4.7,0
16.02661171288959,92.14805784015387,51.77246167141276,6.6,1
23.824607108521846,70.04070048570901,13.718880477609574,3.2,0
12.741689580460157,62.003873200087,153.55352258999028,5.0,0
23.856502113057612,78.73564751948705,4.037216148748191,7.8,1
11.776486143588286,87.47674171502352,97.89042630507376,5.0,0
12.750390106959706,62.88603744320635,117.47657308379569,2.1,0
21.702909083772937,80.74143452380818,177.38972044628048,7.2,1
23.04448222848016,69.53462219113672,210.4759673860595,6.7,1
36.03545600027814,72.2299783839417,237.49756380483092,6.2,1
16.398124348411166,97.05052645912548,209.14546141839782,7.7,1
14.457667838408993,77.86919319460696,214.8140637777609,6.3,1
23.606445911878644,60.265885936039005,10.314636116400136,3.1,0
32.07135337653615,82.22790512590626,9.437943919418895,7.9,1
28.293819855164763,82.85059949979912,77.56533586737642,4.5,0
31.72784180721882,73.83395936935929,282.5063083989854,3.9,0
28.16351569580879,79.67383395608009,125.51837859533325,3.3,0
31.441653451576908,69.88829276784483,9.472557906262645,7.1,1
19.216281453301303,63.33555969258009,155.32515960696932,6.2,1
12.960584618043843,87.22307960575273,205.9541506641471,7.2,1
12.557932649038374,84.03322832291069,125.7800555936749,5.7,1
33.25333254428449,71.77448216652118,118.65145674493166,3.6,0
24.117576694798515,82.45904110601683,117.59355303001155,2.2,0
32.172882295323404,70.22211306570487,158.86429833727723,3.5,0
33.0636134457647,97.41576585994825,27.85159177808693,5.9,1
29.943410479616798,64.12312073008701,61.98134350125779,5.9,1
33.86304332240133,78.04749233274548,288.1066523658846,5.8,1
23.207034714536988,64.67225889555903,274.44821495623256,4.5,0
35.44906895518446,75.54512792945943,14.720831330643636,6.3,1
29.866248227834376,64.15887185361962,38.2355509668528,8.0,1
29.886619133471715,86.74966894444631,222.60943392455152,3.2,0
34.00860537097748,98.63110476673663,162.18453524636928,2.5,0
34.362133409156144,87.09787585575634,157.57880125847515,2.1,0
30.023473477212086,68.66829633615241,293.76826216103524,4.1,0
33.75794872054157,79.92335666886369,174.81285850577058,4.8,0
24.08432429105828,65.57859593113928,55.350025193812094,4.9,0
26.44971547616877,84.7106410372758,180.7692655748376,6.3,1
27.498478573564363,63.30214262659818,160.53556860862048,3.2,0
33.33512295555957,98.57782364431878,180.67197651497978,5.4,1
15.187925518074682,71.57074657182095,245.14716007591989,6.2,1
21.126183349798648,69.43493282491619,169.74903543443247,3.2,0
19.58755316234328,65.0335255899468,99.36005525708593,5.9,1
34.50416783643157,60.283767989625666,74.44976791190646,4.8,0
32.59302348486892,61.38709064117195,189.47548897705767,7.3,1
27.791514691944773,79.46618264265332,191.2326740716623,5.1,1
27.605001625354024,72.18839802126661,232.96259406434177,4.2,0
26.717891622637094,81.58266969364936,291.7342987225752,6.7,1
16.736908760309277,90.00403309924806,162.0647396507656,6.7,1
38.90192220619039,81.97293945573021,187.04293854906243,5.2,1
10.701504421464538,88.10571385823238,241.0512041536907,3.6,0
36.36308984244107,78.64365231561759,102.14483357234442,3.8,0
23.38202080476667,69.078631423286,179.16325980115607,3.1,0
36.79104718936855,73.17606856857691,279.35653834707983,6.9,1
36.222024139704175,74.55560740616973,203.71733967975308,5.0,0
29.258669875136558,68.64134570937551,173.80963647810174,3.6,0
26.15200498803259,75.28621420810573,4.791692121066402,7.2,1
16.428779179573333,72.33427253519838,208.8501498246772,7.6,1
26.517768248528796,84.6000310763556,121.74481325021463,2.4,0
32.78288246047772,69.83391171214555,235.88535996726426,5.5,1
19.090437167400754,72.20896053290035,287.3081373767307,3.2,0
24.886295924395494,62.12333009790391,155.1518936085133,6.8,1
38.10544238409324,74.0277855041391,163.89304977621023,5.5,1
23.470075333690147,82.5077331955597,55.90199007000373,2.7,0
25.88642479379361,63.882925800180914,163.59479276863053,2.7,0
14.86765100625124,61.14170278391361,200.9372344665973,6.1,1
24.880429782978656,63.277298933017526,87.5806288370316,2.5,0
37.0865180292176,69.57905383595929,151.9465969676586,2.1,0
12.69639507080028,70.7586800677079,10.880155249656088,2.1,0
21.158480122540656,62.98330420962406,125.36775357929571,4.3,0
22.8888166928348,65.65381348231007,236.62181049721164,3.8,0
39.62088479012115,88.88079680036944,219.41754035869965,7.7,1
33.25947351592852,82.56370558554647,227.46167106361827,3.3,0
22.42503623648118,78.66300781884729,25.144927717204492,4.1,0
25.08157699093929,99.60826621392451,35.290655958432176,2.8,0
36.44206253668906,88.81814796896452,210.96712840451744,6.1,1
20.08081755705797,69.96805612624193,162.77051611061285,2.7,0
37.36839035930217,83.50013521070296,100.1699630180612,5.0,0
12.62266991472072,62.79019124534286,274.4226737793973,2.7,0
39.66920384266544,77.9685530192134,204.76867429996392,5.6,1
21.39692223856293,97.8343023869778,290.4978591339516,4.2,0
22.62702805156178,63.050244593924035,83.82173183821435,5.0,0
21.881072236176305,77.07197073688042,164.72594330322016,4.2,0
25.037195072675072,75.60021893523151,198.18364246688756,3.1,0
23.859304013986076,77.81318727058365,277.40663119581006,3.6,0
13.015581455128586,83.81617456614276,157.09984405994342,7.0,1
18.668391238759355,68.74396021055547,157.19705482934847,5.3,1
16.377718225643918,62.23418576088906,255.40093865241656,4.5,0
24.282058919260734,91.38545729724459,2.668198376538893,2.9,0
10.948303432100857,69.12357183639085,2.7934907362582453,2.3,0
23.290043410059795,65.57212374938288,89.64594103291311,7.4,1
22.429763040120076,75.06585674743474,217.29860789308574,2.4,0
36.3772458711392,90.57644676296734,183.51982852457022,7.9,1
39.11768976610513,79.39346192167108,293.23816662400924,3.4,0
39.127066476899586,82.70383940508744,61.84656617176293,6.9,1
27.20200751004747,76.51445966209768,51.69499787248975,3.9,0
38.16077972468108,67.48708882954108,127.40494337424214,2.1,0
31.554199635698087,94.65849970870606,290.06166949222774,4.9,0
38.674508181204715,69.23360699551274,41.506796391529804,7.8,1
16.505366261460864,99.24267300145056,219.83574605089566,5.1,1
15.909348620321769,62.49676601275653,298.5948616471739,2.5,0
24.92428178512516,93.16771927730238,196.3853013135126,4.8,0
37.93720209029409,75.94269853980352,95.6758274260421,4.1,0
29.031653821276112,78.27217633452759,183.27127557743518,6.2,1
12.238518463145184,77.69956382328385,128.75512352880924,3.6,0
33.58215479809758,73.12688246106227,79.82673326519345,6.1,1
38.44432835558171,87.99957303686074,153.00425610072378,6.8,1
14.910372750167594,81.92580367895106,247.578705730064,5.2,1
33.68110298441316,68.62973646994091,164.01878075220608,7.7,1
24.326050193548568,65.7389937317434,271.2943707772986,2.0,0
21.271431736644168,62.803186851678994,10.680419682824867,6.5,1
10.04827150824296,77.91288020644292,165.75695556553757,5.4,1
28.720280892261698,71.96770104897952,285.8456579472915,3.9,0
36.79126010254282,66.91114502494338,297.59349633573754,5.8,1
12.09610551257506,66.52213268409103,202.5661164360346,7.4,1
34.7342839354154,76.73221111320936,50.4018477898597,4.9,0
37.377059565285705,88.77132642036794,188.85420011882783,7.4,1
37.64036100236093,98.01106659134788,261.3375799088988,2.7,0
28.56692791468066,79.55314532525585,107.42797365519162,2.7,0
16.644665573866096,90.0296937830822,27.243756444940257,3.4,0
25.54716171612216,71.17732456339786,151.6164289623944,6.3,1
15.104710549143391,86.19961259775974,182.07157740569855,4.7,0
25.88724050232028,71.2993573235002,119.39062283198082,5.3,1
27.38616594024286,66.97162813019736,60.75720072210123,6.5,1
18.683547988280367,73.34845206686377,237.02515094791372,7.1,1
13.842361890231398,69.26411048606892,100.17847946933503,3.9,0
29.797661537478255,67.89911547471473,220.83858053808117,3.2,0
35.27664542778902,79.99526454130952,145.3651123695828,8.0,1
34.70801829223191,82.67379454688961,82.28733629769712,6.1,1
32.89200021127264,73.81991808798583,41.64080073664334,2.1,0
37.77428392966761,86.56582406480945,44.962521710279084,5.9,1
16.88091760097995,91.53832441721366,271.2816408784525,5.9,1
26.812566461765915,61.79738390897697,82.29421807570299,4.5,0
36.90922121288645,62.69053424989676,189.50399166809555,7.6,1
16.370697079005144,88.30466603762756,284.69097262944484,6.1,1
15.357293176342871,64.00593941708053,118.96098955398267,2.2,0
38.60458576556347,85.14190394322891,64.39349157199294,2.2,0
10.916910049994023,61.83313084303035,261.3742454120127,4.2,0
20.34948095225159,84.72480958736065,272.8579605175905,4.5,0
24.737870203013884,74.65767782382174,148.75273458817634,3.5,0
27.322022561922537,88.48828299569995,10.408465190817124,5.8,1
27.429312565057373,72.98909811291738,173.06509765346428,6.3,1
15.375747576133222,89.57377734128625,143.86055717744276,7.7,1
21.76266562164941,68.40980003254322,4.03827670387701,7.4,1
36.37738629379945,62.21157104752392,98.98276278779043,2.6,0
23.325286106229,86.30978043135286,180.07184343320466,2.1,0
23.240662808108716,71.8345919201421,272.8453512254938,2.6,0
14.559494353300666,77.56239947707039,150.36807778190396,5.6,1
10.778905822026797,77.29576187089592,215.14699941594841,7.0,1
35.95264709852313,76.68516847279668,51.2957001950976,5.9,1
24.6346378166985,64.80943037258807,218.71492940092966,6.5,1
11.913313430487227,97.26319709632261,234.20339311620543,2.4,0
24.496601811733246,90.65314125308312,14.850143118055644,4.7,0
14.196034708186566,94.2656973166078,168.27821020188037,3.1,0
12.928507738534272,89.17181847934174,32.343868875872005,6.2,1
31.702276773989464,70.40380725015338,139.86276712485304,6.7,1
14.461840147875831,97.11190071833514,215.35124661707403,2.8,0
27.157922543597508,70.66062632509195,225.33160657075345,2.2,0
15.31649321490757,64.84458765589376,38.86995029901464,4.6,0
36.76710030433419,66.46137602728324,3.19689429398932,7.6,1
27.617889176656227,74.53692712702198,139.0695640111954,6.3,1
15.217118641875622,60.830376914572085,153.40873791120381,4.7,0
20.54844015147166,99.32054142544418,54.77050989197994,7.3,1
18.605258799115518,88.0218777017214,38.968351748010704,4.7,0
29.29794559725598,70.54261376324236,84.81240837699751,7.7,1
27.85502493401155,65.60166612160316,211.6707764369624,6.2,1
21.22499597630145,71.49786808511269,118.52600342698057,4.1,0
21.676759934747814,94.6471838332486,254.532649504995,3.1,0
18.866796517506256,67.74435174436564,280.4472385758199,7.9,1
36.96891031866949,90.90297977208712,276.61357990933055,6.0,1
11.327023735906911,88.79930818897105,60.60754556624797,3.6,0
29.644777784551003,96.00032243769006,232.98331346372632,3.8,0
27.23016009174003,85.64688876175296,133.11017335534274,3.7,0
28.2332311960349,99.48626968879127,247.82361166222043,6.4,1
34.287181184917515,93.14338448527116,5.374182367726553,5.0,0
12.859386951540397,78.67503154327355,61.68968200983558,4.9,0
36.15806993402579,76.49711260017526,69.74176517961207,3.4,0
12.140805173801956,81.79402355393538,297.8973154024701,7.9,1
26.313176498165113,73.9013816214197,58.87150529620962,5.1,1
36.50086923301995,64.69744451579875,107.09661962479174,2.8,0
19.06471560535185,76.55461437955434,41.72070213915519,4.3,0
38.342781280254194,78.06963886301881,97.80754335429963,5.6,1
16.6251556879492,98.08408351808953,97.69703485408976,4.1,0
25.027722761884835,75.67972744283544,237.72044999031763,3.3,0
20.736266629790624,79.98247617736808,39.10347484789251,3.1,0
14.36948327042975,86.58786160099717,156.06423773806856,2.2,0
39.52899408645199,73.15113982828841,67.16181403799077,6.9,1
28.841331566877404,89.71545726500403,135.52799697723893,2.9,0
15.367308036084797,73.69936147603352,296.5031154232425,5.5,1
15.033255271174644,79.51280549288876,169.1285744428554,5.4,1
17.170591731514968,63.87191144590683,184.4371504390439,7.3,1
34.71024054713324,99.31028449283258,281.9668442379258,7.0,1
31.49532929125004,99.46853124974163,283.9995634214041,2.9,0
23.658505934073332,61.37706897829337,12.051484385229353,6.6,1
33.81451546527483,68.6904033802939,281.1842646623138,4.8,0
15.20075268124638,77.57575120261971,225.17564132831757,6.1,1
35.66726642695933,99.12138741192393,118.2457554731535,7.3,1
31.645650451714616,99.03034686348892,250.56539094438938,4.9,0
37.53142219277103,90.57848830686603,108.08365554890989,4.1,0
31.92898239619516,63.87084419348935,85.44334907296785,3.5,0
35.84240360136847,64.23446794315987,159.56416508817327,4.3,0
21.268301280345604,76.60814493678832,35.5719315269122,3.6,0
19.15759421579108,90.3133613647137,136.18972137761645,2.6,0
32.2441757190074,98.30577388227904,36.63249725859399,6.7,1
27.140950122719463,87.29237902408913,286.4765575960668,3.9,0
36.9134564913622,61.58452900034969,151.9467417848861,7.6,1
32.436540850316646,96.63390628126204,87.9186916114402,5.6,1
31.040214115297907,72.86400462491889,54.659166783419096,4.2,0
19.235003486544542,98.51975136832047,252.70080032257303,5.2,1
17.069409997667456,68.33328178379634,223.1925040302347,6.3,1
33.572446571320214,82.5969978239442,81.08791541901633,7.1,1
36.49213371619241,85.47301313766087,119.28382898196854,3.1,0
27.985451191861074,70.78700711753501,270.5871937595541,2.7,0
34.19063028509467,66.87907797207215,217.99965890303832,2.2,0
32.35435046059533,80.31597045529634,266.0598129091847,5.6,1
22.057250497076204,96.51735236695077,31.019559239641175,3.4,0
22.240990685567937,92.66948440484347,228.45116017840658,2.0,0
35.832224215057636,84.65068683203694,91.61524847645751,6.4,1
12.809629376649584,84.79002137949826,283.134128855882,5.6,1
38.575624654280496,79.25022668425949,52.86181829545483,6.3,1
27.014225067042144,90.31508171344564,18.029102903528624,5.6,1
11.832042080637569,79.16184675335079,215.6417399736507,4.3,0
15.039365327881054,94.86703673441293,139.99905161037393,7.5,1
21.391594350603782,70.5997055593197,243.71839636725062,3.1,0
19.106302231218574,94.07570374070653,277.6997401423063,2.8,0
19.591055789413858,88.5571497291956,2.338015903345403,4.4,0
37.29528416147724,81.95200111094199,154.93872848852385,4.1,0
20.132710147474015,69.69613458867249,88.63680776122348,4.1,0
11.184860933816301,86.73948751312537,3.4729286242038073,6.1,1
20.841653506066248,97.4037531695221,56.15522163483849,6.3,1
16.321433873139373,90.09286929693684,71.59085871960255,7.1,1
12.775577429464853,78.44670932553109,295.4010057922478,6.4,1
30.513938963815008,74.63243050875967,156.25695763528032,5.1,1
17.215224668757564,76.5726295962825,243.9802333385221,6.9,1
13.691122693756874,85.79397202153868,96.0277765779178,6.9,1
38.52936852777584,60.95611426453833,249.23584034192342,6.1,1
26.05549094906381,67.13679482519615,205.8172366532232,6.5,1
30.60820582492222,73.14396198765002,252.40155374824917,7.5,1
20.436869901880506,63.30655699888494,39.54217371337255,7.1,1
17.74022951837454,96.97883170958953,181.30553095944563,8.0,1
15.415291740633752,73.27011273359967,269.82146909204926,5.5,1
30.203035868688733,68.35303167701406,205.40916049522707,5.4,1
15.371829209317674,85.94294627247663,85.94692299717441,5.5,1
37.270106964566565,65.79678753514554,81.72956867262997,6.2,1
12.367224587227202,77.57941728174185,91.29312485405589,5.0,0
34.81154436103998,69.34046669473827,179.96486283440737,4.2,0
37.68369881676192,79.52873223833856,250.50838079355574,5.6,1
17.26232324681787,95.57323568793197,231.076651152577,3.7,0
36.779368585640334,68.9214314820289,180.22375100127468,3.3,0
32.598291982430155,66.54381677029097,235.4693221611826,4.3,0
15.460554865089334,93.70536044844384,291.0959571721352,4.4,0
13.767059111789289,66.28048930923258,19.621463770550584,6.0,1
35.994707897594765,61.88901676940327,236.29321387182517,7.1,1
29.551379774376382,63.30005192756214,38.33264512280934,3.8,0
15.199696725739688,86.29164080994772,228.48003408519364,4.8,0
38.30170598571972,81.51818533354397,46.87411549728301,7.1,1
38.32580589546188,77.12582485302231,211.3703474824038,6.0,1
32.453654087965134,99.20051913810366,148.55346996489425,4.1,0
32.543978229181036,97.20148233324795,35.759564648907734,4.9,0
33.68775869209995,82.51184118617422,141.67265509029517,2.2,0
35.68435223771359,88.83838933660958,256.23017887050344,7.8,1
20.263024307509493,67.50380076912856,225.90347501708894,4.2,0
33.251924678790914,83.33600641253284,49.54898651357366,6.8,1
36.83683235977016,67.65242342678683,288.8209993523516,5.6,1
38.935002189183635,62.997413992559295,268.45393699369924,5.3,1
27.297739094096023,84.37714882638099,79.82475118179248,5.1,1
24.082894084449673,86.29924818117811,245.78585229953697,6.8,1
25.851889363150562,82.32747403548137,100.11070330835847,4.1,0
24.308646043711157,93.94801543218628,128.82879945350095,4.5,0
35.314797997062016,88.84491786955189,276.525075591919,2.2,0
29.71273982007871,91.09670355261844,198.6886366762548,3.7,0
18.456533983704126,82.31876857227874,294.03458274790484,5.0,0
28.624543899213975,90.50404661479098,6.074568376498641,6.6,1
35.60186646089268,93.20212026726759,220.2415606224695,4.9,0
18.14963636846626,62.97683115070776,235.58298445149177,7.0,1
22.00655190036556,65.20472474930587,276.7098520303759,4.8,0
15.654945779263866,73.89523438886086,243.45709186995316,6.0,1
18.11477962699217,72.01028698126804,222.89001705330634,3.1,0
37.59928808737739,84.63151357280394,159.07716876995184,3.8,0
